,title,ingredients,directions,link,source,NER
1,Creamy Chicken Spinach Pasta,"[""12 oz spaghetti"",""2 chicken breasts"",""1 cup heavy cream"",""2 cups fresh spinach"",""1/2 cup parmesan"",""2 garlic cloves"",""1 tbsp olive oil"",""salt"",""pepper""]","[""Boil spaghetti until al dente."",""In a skillet, fry chicken breasts in olive oil."",""Add garlic and spinach."",""Pour in heavy cream and parmesan."",""Toss with pasta and serve.""]",example.com/creamy-chicken-spinach-pasta,Gathered,"[""spaghetti"",""chicken breasts"",""heavy cream"",""spinach"",""parmesan"",""garlic"",""olive oil"",""salt"",""pepper""]"
2,Easy Egg Fried Rice,"[""2 cups leftover rice"",""3 large eggs"",""1 yellow onion"",""2 tbsp soy sauce"",""1 tbsp butter"",""1/2 cup frozen peas""]","[""Melt butter in a frying pan."",""Fry onion."",""Push aside and scramble eggs."",""Add rice, peas and soy sauce."",""Fry until hot.""]",example.com/easy-egg-fried-rice,Gathered,"[""rice"",""eggs"",""onion"",""soy sauce"",""butter"",""frozen peas""]"
3,Simple Egg Fried Rice,"[""2 cups cooked rice"",""2 eggs"",""1 onion"",""soy sauce"",""oil""]","[""Heat oil in a pan."",""Scramble eggs."",""Add rice, onion and soy sauce."",""Fry 5 minutes.""]",example.com/simple-egg-fried-rice,Gathered,"[""rice"",""eggs"",""onion"",""soy sauce"",""oil""]"
4,Quick Egg Fried Rice,"[""microwave rice"",""eggs"",""soy sauce"",""oil""]","[""Heat rice."",""Scramble eggs in a pan."",""Mix with soy sauce.""]",example.com/quick-egg-fried-rice,Gathered,"[""microwave rice"",""eggs"",""soy sauce"",""oil""]"
5,Egg Fried Rice,"[""rice"",""eggs"",""spring onions"",""soy sauce"",""oil""]","[""Fry rice in oil."",""Add eggs and soy sauce."",""Finish with spring onions.""]",example.com/egg-fried-rice,Gathered,"[""rice"",""eggs"",""spring onions"",""soy sauce"",""oil""]"
6,Beans on Toast Deluxe,"[""2 slices white bread"",""1 can baked beans"",""1/2 cup cheddar cheese"",""butter""]","[""Toast the bread."",""Heat baked beans in microwave for 2 minutes."",""Butter toast, add beans and cheese.""]",example.com/beans-toast,Gathered,"[""bread"",""baked beans"",""cheddar cheese"",""butter""]"
7,Gourmet Truffle Mushroom Risotto,"[""arborio rice"",""truffle oil"",""mascarpone"",""shallots"",""parmesan"",""white wine"",""chicken stock"",""butter""]","[""Sweat shallots in butter."",""Toast arborio rice."",""Add wine and ladle in stock."",""Finish with mascarpone, parmesan and truffle oil.""]",example.com/truffle-risotto,Recipes1M,"[""rice"",""truffle oil"",""mascarpone"",""shallots"",""parmesan"",""wine"",""chicken stock"",""butter""]"
8,Tomato Garlic Pasta,"[""penne"",""canned diced tomatoes"",""garlic cloves"",""olive oil"",""cheddar cheese"",""salt""]","[""Boil pasta."",""Simmer tomatoes with garlic in olive oil for 10 minutes."",""Combine and add cheese.""]",example.com/tomato-garlic-pasta,Gathered,"[""penne"",""canned diced tomatoes"",""garlic"",""olive oil"",""cheddar cheese"",""salt""]"
9,Cheesy Scrambled Eggs,"[""4 free-range eggs"",""2 tbsp milk"",""1/4 cup shredded cheddar"",""butter"",""salt""]","[""Beat eggs with milk."",""Scramble in butter over medium heat."",""Stir through cheese.""]",example.com/cheesy-eggs,Gathered,"[""eggs"",""milk"",""cheddar"",""butter"",""salt""]"
10,Microwave Mug Pasta Fail,"[""???""]",[],example.com/broken,Gathered,[]
11,Tuna Mayo Sandwich,"[""bread"",""canned tuna"",""mayonnaise"",""spring onions""]","[""Mix tuna with mayonnaise."",""Spread on bread."",""Add spring onions if using.""]",example.com/tuna-mayo,Gathered,"[""bread"",""tuna"",""mayonnaise"",""spring onions""]"
12,One Pan Sausage Pasta,"[""pasta"",""sausages"",""canned tomatoes"",""onion"",""garlic powder"",""oil""]","[""Fry sausages and onion in a frying pan."",""Add tomatoes and garlic powder."",""Meanwhile boil pasta in another pan."",""Combine and eat.""]",example.com/sausage-pasta,Gathered,"[""pasta"",""sausages"",""canned tomatoes"",""onion"",""garlic powder"",""oil""]"
13,Chickpea Curry,"[""chickpeas"",""canned tomatoes"",""onion"",""curry powder"",""garlic"",""oil"",""rice""]","[""Fry onion and garlic."",""Add curry powder, chickpeas and tomatoes."",""Simmer 15 minutes."",""Serve with rice.""]",example.com/chickpea-curry,Gathered,"[""chickpeas"",""canned tomatoes"",""onion"",""curry powder"",""garlic"",""oil"",""rice""]"
14,Loaded Oven Chips,"[""frozen chips"",""baked beans"",""cheddar cheese""]","[""Bake frozen chips in the oven for 20 minutes."",""Heat beans."",""Top chips with beans and cheese.""]",example.com/loaded-chips,Gathered,"[""frozen chips"",""baked beans"",""cheddar cheese""]"
15,Garlic Butter Mushrooms on Toast,"[""mushrooms"",""butter"",""fresh garlic cloves"",""bread"",""parsley to garnish""]","[""Fry mushrooms in butter with garlic."",""Toast bread."",""Pile on toast and garnish with parsley.""]",example.com/mushrooms-toast,Gathered,"[""mushrooms"",""butter"",""garlic"",""bread"",""parsley""]"
16,Creamy Mushroom Pasta,"[""fusilli"",""mushrooms"",""double cream"",""pecorino"",""shallots"",""butter""]","[""Boil pasta."",""Fry shallots and mushrooms in butter."",""Add cream and pecorino."",""Toss with pasta.""]",example.com/cream-mushroom-pasta,Gathered,"[""fusilli"",""mushrooms"",""double cream"",""pecorino"",""shallots"",""butter""]"
17,Instant Noodle Egg Bowl,"[""instant noodles"",""1 large egg"",""soy sauce"",""spring onions"",""hot sauce""]","[""Cook noodles with kettle water."",""Fry egg in a pan."",""Combine with soy sauce and hot sauce.""]",example.com/noodle-egg,Gathered,"[""instant noodles"",""egg"",""soy sauce"",""spring onions"",""hot sauce""]"
18,Halloumi Buddha Bowl,"[""halloumi"",""quinoa"",""fresh chilli"",""lemongrass"",""coconut milk"",""microgreens""]","[""Cook quinoa."",""Fry halloumi."",""Make sauce with coconut milk, chilli and lemongrass."",""Assemble bowl with microgreens.""]",example.com/halloumi-bowl,Recipes1M,"[""halloumi"",""quinoa"",""chilli"",""lemongrass"",""coconut milk"",""microgreens""]"
19,Pesto Pasta with Pine Nuts,"[""spaghetti"",""fresh basil"",""pine nuts"",""parmesan"",""olive oil"",""garlic""]","[""Blend basil, pine nuts, garlic, parmesan and oil in a food processor."",""Boil pasta."",""Toss together.""]",example.com/pesto,Recipes1M,"[""spaghetti"",""basil"",""pine nuts"",""parmesan"",""olive oil"",""garlic""]"
20,Jacket Potato with Beans,"[""baking potato"",""baked beans"",""cheddar cheese"",""butter""]","[""Microwave potato for 8 minutes."",""Heat beans."",""Split potato, add butter, beans and cheese.""]",example.com/jacket,Gathered,"[""potato"",""baked beans"",""cheddar cheese"",""butter""]"
21,Cheese Toastie,"[""bread"",""cheddar cheese"",""butter""]","[""Butter bread."",""Add cheese."",""Fry in a pan until golden, about 6 minutes.""]",example.com/toastie,Gathered,"[""bread"",""cheddar cheese"",""butter""]"
22,Chicken Stock Risotto Attempt,"[""rice"",""chicken stock"",""parmesan"",""shallots"",""butter"",""white wine"",""saffron""]","[""Sweat shallots."",""Add rice and wine."",""Add chicken stock gradually for 40 minutes."",""Finish with saffron and parmesan.""]",example.com/stock-risotto,Recipes1M,"[""rice"",""chicken stock"",""parmesan"",""shallots"",""butter"",""wine"",""saffron""]"
23,Frozen Veg Egg Rice,"[""microwave rice"",""frozen mixed vegetables"",""eggs"",""soy sauce"",""oil""]","[""Microwave rice and vegetables."",""Scramble eggs in a frying pan."",""Mix everything with soy sauce.""]",example.com/veg-egg-rice,Gathered,"[""microwave rice"",""frozen mixed vegetables"",""eggs"",""soy sauce"",""oil""]"
24,Bacon Carbonara Fancy,"[""spaghetti"",""bacon"",""eggs"",""parmesan"",""fresh parsley"",""black pepper""]","[""Boil pasta."",""Fry bacon."",""Mix eggs and parmesan."",""Toss off heat and garnish with parsley.""]",example.com/carbonara,Gathered,"[""spaghetti"",""bacon"",""eggs"",""parmesan"",""parsley"",""pepper""]"
25,Oat Porridge,"[""rolled oats"",""milk"",""salt""]","[""Microwave oats and milk for 3 minutes."",""Stir and eat.""]",example.com/porridge,Gathered,"[""oats"",""milk"",""salt""]"
26,Best Homemade Egg Fried Rice,"[""cooked rice"",""eggs"",""onion"",""soy sauce"",""butter""]","[""Fry onion in butter."",""Add eggs and rice."",""Season with soy sauce.""]",example.com/best-egg-fried-rice,Gathered,"[""rice"",""eggs"",""onion"",""soy sauce"",""butter""]"
27,Spinach and Cream Cheese Pasta,"[""pasta"",""fresh spinach"",""cream cheese"",""garlic cloves"",""milk"",""salt""]","[""Boil pasta."",""Wilt spinach with garlic."",""Stir in cream cheese and milk."",""Combine.""]",example.com/spinach-cream-cheese,Gathered,"[""pasta"",""spinach"",""cream cheese"",""garlic"",""milk"",""salt""]"
28,Long Complicated Sunday Roast,"[""ingredient 1"",""ingredient 2"",""ingredient 3"",""ingredient 4"",""ingredient 5"",""ingredient 6"",""ingredient 7"",""ingredient 8"",""ingredient 9"",""ingredient 10"",""ingredient 11"",""ingredient 12"",""ingredient 13"",""ingredient 14"",""ingredient 15"",""ingredient 16"",""ingredient 17"",""ingredient 18""]","[""Step 1 with specialist technique."",""Step 2 with specialist technique."",""Step 3 with specialist technique."",""Step 4 with specialist technique."",""Step 5 with specialist technique."",""Step 6 with specialist technique."",""Step 7 with specialist technique."",""Step 8 with specialist technique."",""Step 9 with specialist technique."",""Step 10 with specialist technique."",""Step 11 with specialist technique."",""Step 12 with specialist technique."",""Step 13 with specialist technique."",""Step 14 with specialist technique."",""Step 15 with specialist technique."",""Step 16 with specialist technique."",""Step 17 with specialist technique."",""Step 18 with specialist technique.""]",example.com/roast,Recipes1M,"[""beef"",""potatoes"",""gravy""]"
29,Suspicious Quantity Soup,"[""3 1 2 cups water"",""null"",""1 can soup"",""????""]","[""Heat soup."",""Add water.""]",example.com/suspicious,Gathered,"[""soup"",""water""]"
30,Tomato Cheese Toast,"[""bread"",""cheddar cheese"",""tomato""]","[""Toast bread."",""Top with cheese and tomato."",""Grill until melted.""]",example.com/31,Gathered,"[""bread"",""cheese"",""tomato""]"
31,Pea Omelette,"[""eggs"",""frozen peas"",""butter"",""cheddar cheese""]","[""Microwave peas."",""Make omelette in butter."",""Add peas and cheese.""]",example.com/32,Gathered,"[""eggs"",""frozen peas"",""butter"",""cheese""]"
32,Garlic Bread,"[""bread"",""butter"",""fresh garlic cloves""]","[""Mix butter and garlic."",""Spread on bread."",""Grill 5 minutes.""]",example.com/33,Gathered,"[""bread"",""butter"",""garlic""]"
33,Chickpea Wrap,"[""wraps"",""chickpeas"",""olive oil"",""paprika"",""cheese""]","[""Mash chickpeas with oil and paprika."",""Fill wrap."",""Add cheese.""]",example.com/34,Gathered,"[""wraps"",""chickpeas"",""oil"",""paprika"",""cheese""]"
34,Soy Egg Rice Bowl,"[""rice"",""eggs"",""soy sauce"",""frozen peas"",""oil""]","[""Cook rice."",""Fry eggs."",""Mix with peas and soy sauce.""]",example.com/35,Gathered,"[""rice"",""eggs"",""soy sauce"",""frozen peas"",""oil""]"
35,Tuna Pasta Bake-ish,"[""pasta"",""canned tuna"",""canned tomatoes"",""cheddar cheese"",""onion""]","[""Boil pasta."",""Simmer tuna, tomatoes and onion."",""Top with cheese.""]",example.com/36,Gathered,"[""pasta"",""tuna"",""canned tomatoes"",""cheese"",""onion""]"
36,Broken Empty,[],[],example.com/37,Gathered,[]
37,Single Ingredient Salt,"[""salt""]","[""Taste salt.""]",example.com/38,Gathered,"[""salt""]"
